NODES,CP,NODE TYPE,LOCATION,NEIGHBORHOOD,DISTANCE
Western Gateway,3,Gateway,Earth,Wolf Hills,
Western Gateway,3,Gateway,Earth,Coastal Cliff,
Western Gateway,3,Gateway,Earth,Western Guard Camp,
Heidel Pass,3,Gateway,Earth,Balenos Forest,
Heidel Pass,3,Gateway,Earth,Forest of Plunder,
Heidel Pass,3,Gateway,Earth,Northern Guard Camp,
Epheria Ridge,1,Connection,Earth,Port Epheria,
Epheria Ridge,1,Connection,Earth,Elder's Bridge,
Elder's Bridge,1,Connection,Earth,Epheria Ridge,
Elder's Bridge,1,Connection,Earth,Foot of Terrmian Mountain,
Elder's Bridge,1,Connection,Earth,Florin Gateway,
Elder's Bridge,1,Connection,Earth,Elder's Bridge Post,
Foot of Terrmian Mountain,1,Connection,Earth,Elder's Bridge,
Mask Owl's Forest,1,Connection,Earth,Florin,
Mask Owl's Forest,1,Connection,Earth,Florin Gateway,
Florin Gateway,1,Connection,Earth,Terrmian Cliff,
Florin Gateway,1,Connection,Earth,Mask Owl's Forest,
Florin Gateway,1,Connection,Earth,Elder's Bridge,
Terrmian Cliff,1,Connection,Earth,Florin Gateway,
Terrmian Cliff,1,Connection,Earth,Wale Farm,
Wale Farm,1,Connection,Earth,Olvia,
Wale Farm,1,Connection,Earth,Terrmian Cliff,
Casta Farm,1,Connection,Earth,Olvia,
Casta Farm,1,Connection,Earth,Olvia Coast,
Casta Farm,1,Connection,Earth,Wolf Hills,
Olvia Coast,1,Connection,Earth,Casta Farm,
Olvia Coast,1,Connection,Earth,Balenos River Mouth,
Wolf Hills,1,Connection,Earth,Casta Farm,
Wolf Hills,1,Connection,Earth,Balenos River Mouth,
Wolf Hills,1,Connection,Earth,Western Gateway,
Balenos River Mouth,1,Connection,Earth,Coastal Cliff,
Balenos River Mouth,1,Connection,Earth,Wolf Hills,
Balenos River Mouth,1,Connection,Earth,Olvia Coast,
Coastal Cliff,1,Connection,Earth,Balenos River Mouth,
Coastal Cliff,1,Connection,Earth,Western Gateway,
Coastal Cliff,1,Connection,Earth,Coastal Cave,
Coastal Cave,1,Connection,Earth,Velia,
Coastal Cave,1,Connection,Earth,Coastal Cliff,
Altar of Agris,1,Connection,Earth,Imp Cave,
Imp Cave,1,Connection,Earth,Western Guard Camp,
Imp Cave,1,Connection,Earth,Altar of Agris,
Imp Cave,1,Connection,Earth,Loggia Farm,
Ancient Stone Chamber,1,Connection,Earth,Forest of Seclusion,
Forest of Plunder,1,Connection,Earth,Velia,
Forest of Plunder,1,Connection,Earth,Ehwaz Hill,
Forest of Plunder,1,Connection,Earth,Goblin Cave,
Forest of Plunder,1,Connection,Earth,Heidel Pass,
Ehwaz Hill,1,Connection,Earth,Cron Castle Site,
Ehwaz Hill,1,Connection,Earth,Finto Farm,
Ehwaz Hill,1,Connection,Earth,Forest of Plunder,
Cron Castle Site,1,Connection,Earth,Cron Castle,
Cron Castle Site,1,Connection,Earth,Ehwaz Hill,
Cron Castle Site,1,Connection,Earth,Mediah Northern Gateway,
Ephde Rune Island,1,Connection,Sea,Dried Skipjack,
Ephde Rune Island,1,Connection,Sea,Dried Dolphinfish,
Ephde Rune Island,1,Connection,Sea,Dried Strip Catfish,
Ephde Rune Island,1,Connection,Sea,Dried Filefish,
Mariveno Island,1,Connection,Sea,Luivano Island,
Eveto Island,1,Connection,Sea,Duch Island,
Eveto Island,1,Connection,Sea,Balvege Island,
Balvege Island,1,Connection,Sea,Angie Island,
Balvege Island,1,Connection,Sea,Eveto Island,
Balvege Island,1,Connection,Sea,Marlene Island,
Marlene Island,1,Connection,Sea,Balvege Island,
Angie Island,1,Connection,Sea,Balvege Island,
Angie Island,1,Connection,Sea,Marka Island,
Marka Island,1,Connection,Sea,Angie Island,
Marka Island,1,Connection,Sea,Louruve Island,
Staren Island,1,Connection,Sea,Louruve Island,
Lisz Island,1,Connection,Sea,Louruve Island,
Narvo Island,1,Connection,Sea,Invernen Island,
Narvo Island,1,Connection,Sea,Arita Island,
Invernen Island,1,Connection,Sea,Tulu Island,
Invernen Island,1,Connection,Sea,Narvo Island,
Tulu Island,1,Connection,Sea,Orffs Island,
Tulu Island,1,Connection,Sea,Invernen Island,
Orffs Island,1,Connection,Sea,Lema Island,
Orffs Island,1,Connection,Sea,Baremi Island,
Orffs Island,1,Connection,Sea,Tulu Island,
Tashu Island,1,Connection,Sea,Lema Island,
Tashu Island,1,Connection,Sea,Arita Island,
Weita Island,1,Connection,Sea,Paratama Island,
Weita Island,1,Connection,Sea,Baremi Island,
Weita Island,1,Connection,Sea,Kanvera Island,
Paratama Island,1,Connection,Sea,Luivano Island,
Paratama Island,1,Connection,Sea,Weita Island,
Paratama Island,1,Connection,Sea,Beiruwa Island,
Kanvera Island,1,Connection,Sea,Weita Island,
Kanvera Island,1,Connection,Sea,Arakil Island,
Arakil Island,1,Connection,Sea,Iliya Island,
Arakil Island,1,Connection,Sea,Kanvera Island,
Pujara Island,1,Connection,Sea,Iliya Island,
Pujara Island,1,Connection,Sea,Delinghart Island,
Ajir Island,1,Connection,Sea,Al-Naha Island,
Ajir Island,1,Connection,Sea,Baremi Island,
Al-Naha Island,1,Connection,Sea,Racid Island,
Al-Naha Island,1,Connection,Sea,Ajir Island,
Shasha Island,1,Connection,Sea,Iliya Island,
Shasha Island,1,Connection,Sea,Rosevan Island,
Rosevan Island,1,Connection,Sea,Shasha Island,
Rosevan Island,1,Connection,Sea,Portanen Island,
Rosevan Island,1,Connection,Sea,Boa Island,
Portanen Island,1,Connection,Sea,Lerao Island,
Portanen Island,1,Connection,Sea,Rosevan Island,
Lerao Island,1,Connection,Sea,Tinberra Island,
Lerao Island,1,Connection,Sea,Portanen Island,
Tinberra Island,1,Connection,Sea,Racid Island,
Tinberra Island,1,Connection,Sea,Lerao Island,
Toscani Farm,2,Trading Post,Earth,Western Guard Camp,
Marino Farm,2,Trading Post,Earth,Bartali Farm,
Marino Farm,2,Trading Post,Earth,Forest of Seclusion,
Marino Farm,2,Trading Post,Earth,Bartali Farm,
Bartali Farm,2,Trading Post,Earth,Velia,
Bartali Farm,2,Trading Post,Earth,Balenos Forest,
Bartali Farm,2,Trading Post,Earth,Marino Farm,
Bartali Farm,2,Trading Post,Earth,Toscani Farm,
Loggia Farm,2,Trading Post,Earth,Imp Cave,
Loggia Farm,2,Trading Post,Earth,Velia,
Balenos Forest,2,Trading Post,Earth,Bartali Farm,
Balenos Forest,2,Trading Post,Earth,Heidel Pass,
Finto Farm,2,Trading Post,Earth,Velia,
Finto Farm,2,Trading Post,Earth,Ehwaz Hill,
Luivano Island,1,Trading Post,Sea,Velia,
Luivano Island,1,Trading Post,Sea,Duch Island,
Luivano Island,1,Trading Post,Sea,Mariveno Island,
Luivano Island,1,Trading Post,Sea,Paratama Island,
Luivano Island,1,Trading Post,Sea,Ephde Rune Island,
Duch Island,1,Trading Post,Sea,Luivano Island,
Duch Island,1,Trading Post,Sea,Eveto Island,
Louruve Island,1,Trading Post,Sea,Marka Island,
Louruve Island,1,Trading Post,Sea,Staren Island,
Louruve Island,1,Trading Post,Sea,Lisz Island,
Baremi Island,1,Trading Post,Sea,Weita Island,
Baremi Island,1,Trading Post,Sea,Ajir Island,
Baremi Island,1,Trading Post,Sea,Orffs Island,
Racid Island,1,Trading Post,Sea,Tinberra Island,
Racid Island,1,Trading Post,Sea,Al-Naha Island,
Forest of Seclusion,2,Dangerous,Earth,Toscani Farm,
Forest of Seclusion,2,Dangerous,Earth,Ancient Stone Chamber,
Forest of Seclusion,2,Dangerous,Earth,Bandit's Den Byway,
Goblin Cave,2,Dangerous,Earth,Forest of Plunder,
Cron Castle,2,Dangerous,Earth,Cron Castle Site,
Velia,0,Capital,Earth,Finto Farm,
Velia,0,Capital,Earth,Forest of Plunder,
Velia,0,Capital,Earth,Bartali Farm,
Velia,0,Capital,Earth,Loggia Farm,
Velia,0,Capital,Earth,Coastal Cave,
Velia,0,Capital,Earth,Luivano Island,
Olvia,0,Town,Earth,Casta Farm,
Olvia,0,Town,Earth,Wale Farm,
Western Guard Camp,1,Town,Earth,Western Gateway,
Western Guard Camp,1,Town,Earth,Imp Cave,
Western Guard Camp,1,Town,Earth,Toscani Farm,
Western Guard Camp,1,Town,Earth,Bandit's Den Byway,
Iliya Island,0,Town,Sea,Ostra Island,
Iliya Island,0,Town,Sea,Arakil Island,
Iliya Island,0,Town,Sea,Shasha Island,
Iliya Island,0,Town,Sea,Pujara Island,
Lema Island,1,Town,Sea,Tashu Island,
Lema Island,1,Town,Sea,Orffs Island,
Lema Island,1,Town,Sea,Port Ratt,
Epheria Sentry Post,3,Gateway,Earth,Epheria Port,
Epheria Sentry Post,3,Gateway,Earth,Epheria Valley,
Elder's Bridge Post,3,Gateway,Earth,Elder's Bridge,
Elder's Bridge Post,3,Gateway,Earth,Anti-Troll Fortification,
Anti-Troll Fortification,3,Gateway,Earth,Isolated Sentry Post,
Anti-Troll Fortification,3,Gateway,Earth,Elder's Bridge Post,
Anti-Troll Fortification,3,Gateway,Earth,Bernianto Farm,
Anti-Troll Fortification,3,Gateway,Earth,Contaminated Farm,
Isolated Sentry Post,3,Gateway,Earth,Epheria Valley,
Isolated Sentry Post,3,Gateway,Earth,Quint Hill,
Isolated Sentry Post,3,Gateway,Earth,Anti-Troll Fortification,
Isolated Sentry Post,3,Gateway,Earth,Abandoned Land,
Isolated Sentry Post,3,Gateway,Earth,Cohen Farm,
Calpheon Castle,3,Gateway,Earth,Calpheon Castle Site,
North Kaia Pier,3,Gateway,Earth,Gabino Farm,
North Kaia Pier,3,Gateway,Earth,South Kaia Pier,
North Kaia Pier,3,Gateway,Earth,Calpheon Castle Site,
South Kaia Pier,3,Gateway,Earth,North Kaia Pier,
South Kaia Pier,3,Gateway,Earth,Rhutum Sentry Post,
Abandoned Monastery,3,Gateway,Earth,Tobare's Cabin,
Abandoned Monastery,3,Gateway,Earth,Lumberjack's Rest Area,
Abandoned Monastery,3,Gateway,Earth,Treant Forest,
Trina Fort,3,Gateway,Earth,Trina Beacon Towers,
Trina Fort,3,Gateway,Earth,Tarte Rock Fork,
Trina Fort,3,Gateway,Earth,Saunil Battlefield,
Trina Beacon Towers,3,Gateway,Earth,Beacon Entrance Post,
Trina Beacon Towers,3,Gateway,Earth,Trina Fort,
Marni Cave Path,3,Gateway,Earth,Falres Dirt Farm,
Marni Cave Path,3,Gateway,Earth,Marni Farm Ruins,
Marni Cave Path,3,Gateway,Earth,North Abandoned Quarry,
Marni Cave Path,3,Gateway,Earth,Marni's Lab,
Marni Cave Path,3,Gateway,Earth,Beacon Entrance Post,
Serendia Western Gateway,3,Gateway,Earth,Gianin Farm,
Serendia Western Gateway,3,Gateway,Earth,Southern Neutral Zone,
Delphe Knights Castle,3,Gateway,Earth,Delphe Outpost,
Delphe Knights Castle,3,Gateway,Earth,Biraghi Den,
Delphe Knights Castle,3,Gateway,Earth,Oze Pass,
Delphe Knights Castle,3,Gateway,Earth,Dias Farm,
Delphe Outpost,3,Gateway,Earth,Karanda Ridge,
Delphe Outpost,3,Gateway,Earth,Delphe Knights Castle,
Delphe Outpost,3,Gateway,Earth,Old Dandelion,
Abandoned Land (Refugee Camp),1,Connection,Earth,Calpheon City,
Abandoned Land (Refugee Camp),1,Connection,Earth,Cohen Farm,
Abandoned Land (Refugee Camp),1,Connection,Earth,Isolated Sentry Post,
Quint Hill,1,Connection,Earth,Isolated Sentry Post,
Epheria Valley,1,Connection,Earth,Isolated Sentry Post,
Epheria Valley,1,Connection,Earth,Epheria Sentry Post,
Calpheon Castle Site,1,Connection,Earth,Calpheon Castle,
Calpheon Castle Site,1,Connection,Earth,North Kaia Pier,
Calpheon Castle Site,1,Connection,Earth,Catfishman Camp,
Lumberjack's Rest Area,1,Connection,Earth,Abandoned Monastery,
Lumberjack's Rest Area,1,Connection,Earth,Trent,
Behr Downstream,3,Connection,Earth,Behr,
Behr Downstream,3,Connection,Earth,Behr Riverhead,
Behr Downstream,3,Connection,Earth,Phoniel's Cabin Entrance,
Behr Downstream,3,Connection,Earth,Saunil Battlefield,
Behr Downstream,3,Connection,Earth,Rhua Tree Stub,
Behr Riverhead,1,Connection,Earth,Behr Downstream,
Behr Riverhead,1,Connection,Earth,Phoniel's Cabin,
Phoniel's Cabin Entrance,1,Connection,Earth,Phoniel's Cabin,
Phoniel's Cabin Entrance,1,Connection,Earth,Behr Downstream,
Phoniel's Cabin Entrance,1,Connection,Earth,Bain Farmland,
Rhua Tree Stub,1,Connection,Earth,Behr Downstream,
Rhua Tree Stub,1,Connection,Earth,Saunil Battlefield,
Rhua Tree Stub,1,Connection,Earth,Hexe Sanctuary,
Marie Cave,1,Connection,Earth,Witch's Chapel,
Marie Cave,1,Connection,Earth,Hexe Stone Wall,
Hexe Stone Wall,1,Connection,Earth,Primal Giant Post,
Hexe Stone Wall,1,Connection,Earth,Marie Cave,
Gehaku Plain,1,Connection,Earth,Dane Canyon,
Gehaku Plain,1,Connection,Earth,Abandoned Quarry,
Gehaku Plain,1,Connection,Earth,Gianin Farm,
Gehaku Plain,1,Connection,Earth,Primal Giant Post,
Keplan Hill,1,Connection,Earth,Keplan,
Keplan Hill,1,Connection,Earth,Gianin Farm,
Tarte Rock Fork,1,Connection,Earth,Trina Fort,
Tarte Rock Fork,1,Connection,Earth,Keplan,
Tarte Rock Fork,1,Connection,Earth,Abandoned Quarry,
Keplan Quarry,1,Connection,Earth,Keplan,
Keplan Quarry,1,Connection,Earth,North Abandoned Quarry,
Keplan Vicinity,1,Connection,Earth,Quarry Byway,
Keplan Vicinity,1,Connection,Earth,Keplan,
Keplan Vicinity,1,Connection,Earth,Southern Neutral Zone,
Marni Farm Ruins,1,Connection,Earth,Falres Dirt Farm,
Marni Farm Ruins,1,Connection,Earth,Oze Pass,
Marni Farm Ruins,1,Connection,Earth,Marni Cave Path,
Contaminated Farm,2,Trading Post,Earth,Calpheon City,
Contaminated Farm,2,Trading Post,Earth,Anti-Troll Fortification,
Dias Farm,2,Trading Post,Earth,Calpheon City,
Dias Farm,2,Trading Post,Earth,Northern Wheat Plantation,
Dias Farm,2,Trading Post,Earth,Delphe Knights Castle,
Dias Farm,2,Trading Post,Earth,Falres Dirt Farm,
Bernianto Farm,2,Trading Post,Earth,Anti-Troll Fortification,
Bernianto Farm,2,Trading Post,Earth,Northern Wheat Plantation,
Bernianto Farm,2,Trading Post,Earth,Bree Tree Ruins,
Falres Dirt Farm,2,Trading Post,Earth,Calpheon City,
Falres Dirt Farm,2,Trading Post,Earth,Marni Farm Ruins,
Falres Dirt Farm,2,Trading Post,Earth,Marni Cave Path,
Gabino Farm,2,Trading Post,Earth,Calpheon City,
Gabino Farm,2,Trading Post,Earth,North Kaia Mountaintop,
Gabino Farm,2,Trading Post,Earth,North Kaia Pier,
Cohen Farm,2,Trading Post,Earth,Abandoned Land,
Cohen Farm,2,Trading Post,Earth,Isolated Sentry Post,
Rhutum Sentry Post,3,Trading Post,Earth,South Kaia Pier,
Rhutum Sentry Post,3,Trading Post,Earth,Phoniel's Cabin,
Rhutum Sentry Post,3,Trading Post,Earth,Rhutum Outstation,
Mansha Forest,2,Trading Post,Earth,Calpheon Castle Western Forest,
Mansha Forest,2,Trading Post,Earth,Catfishman Camp,
Mansha Forest,2,Trading Post,Earth,Tobare's Cabin,
Tobare's Cabin,2,Trading Post,Earth,Mansha Forest,
Tobare's Cabin,2,Trading Post,Earth,Rhutum Outstation,
Tobare's Cabin,2,Trading Post,Earth,Abandoned Monastery,
Phoniel's Cabin,2,Trading Post,Earth,North Kaia Mountaintop,
Phoniel's Cabin,2,Trading Post,Earth,Phoniel's Cabin Entrance,
Phoniel's Cabin,2,Trading Post,Earth,Behr Riverhead,
Phoniel's Cabin,2,Trading Post,Earth,Rhutum Sentry Post,
Longleaf Tree Sentry Post,2,Trading Post,Earth,Trent,
Longleaf Tree Sentry Post,2,Trading Post,Earth,Crioville,
Crioville,2,Trading Post,Earth,Longleaf Tree Sentry Post,
Crioville,2,Trading Post,Earth,Longleaf Tree Forest,
Oberen Farm,2,Trading Post,Earth,Calpheon City,
Oberen Farm,2,Trading Post,Earth,Bain Farmland,
Oberen Farm,2,Trading Post,Earth,Beacon Entrance Post,
Bain Farmland,2,Trading Post,Earth,Oberen Farm,
Bain Farmland,2,Trading Post,Earth,Phoniel's Cabin Entrance,
Beacon Entrance Post,3,Trading Post,Earth,Oberen Farm,
Beacon Entrance Post,3,Trading Post,Earth,Trina Beacon Towers,
Beacon Entrance Post,3,Trading Post,Earth,Marni Cave Path,
Dane Canyon,2,Trading Post,Earth,Saunil Camp,
Dane Canyon,2,Trading Post,Earth,Gehaku Plain,
Abandoned Quarry,2,Trading Post,Earth,Tarte Rock Fork,
Abandoned Quarry,2,Trading Post,Earth,Gehaku Plain,
Gianin Farm,2,Trading Post,Earth,Keplan Hill,
Gianin Farm,2,Trading Post,Earth,Gehaku Plain,
Gianin Farm,2,Trading Post,Earth,Serendia Western Gateway,
Quarry Byway,2,Trading Post,Earth,Oze Pass,
Quarry Byway,2,Trading Post,Earth,Keplan Vicinity,
Quarry Byway,2,Trading Post,Earth,Orc Camp,
Old Dandelion,1,Dangerous,Earth,Northern Wheat Plantation,
Old Dandelion,1,Dangerous,Earth,Khuruto Cave,
Old Dandelion,1,Dangerous,Earth,Delphe Outpost,
Khuruto Cave,1,Dangerous,Earth,Florin,
Khuruto Cave,1,Dangerous,Earth,Old Dandelion,
Karanda Ridge,1,Dangerous,Earth,Delphe Outpost,
Bree Tree Ruins,1,Dangerous,Earth,Caphras Cave,
Bree Tree Ruins,1,Dangerous,Earth,Bernianto Farm,
Caphras Cave,1,Dangerous,Earth,Florin,
Caphras Cave,1,Dangerous,Earth,Bree Tree Ruins,
Calpheon Castle Western Forest,1,Dangerous,Earth,Catfishman Camp,
Calpheon Castle Western Forest,1,Dangerous,Earth,Mansha Forest,
Catfishman Camp,1,Dangerous,Earth,Calpheon Castle Site,
Catfishman Camp,1,Dangerous,Earth,Lake Kaia,
Catfishman Camp,1,Dangerous,Earth,Mansha Forest,
Catfishman Camp,1,Dangerous,Earth,Calpheon Castle Western Forest,
Lake Kaia (Northern Lake Kaia Southern Lake Kaia),1,Dangerous,Earth,Catfishman Camp,
North Kaia Mountaintop,1,Dangerous,Earth,Gabino Farm,
North Kaia Mountaintop,1,Dangerous,Earth,Phoniel's Cabin,
Rhutum Outstation,1,Dangerous,Earth,Rhutum Sentry Post,
Rhutum Outstation,1,Dangerous,Earth,Tobare's Cabin,
Treant Forest,1,Dangerous,Earth,Abandoned Monastery,
Longleaf Tree Forest,1,Dangerous,Earth,Crioville,
Longleaf Tree Forest,1,Dangerous,Earth,Behr,
Longleaf Tree Forest,1,Dangerous,Earth,Kamasylvia Vicinity,
Hexe Sanctuary,2,Dangerous,Earth,Rhua Tree Stub,
Hexe Sanctuary,2,Dangerous,Earth,Witch's Chapel,
Witch's Chapel,1,Dangerous,Earth,Hexe Sanctuary,
Witch's Chapel,1,Dangerous,Earth,Marie Cave,
Witch's Chapel,1,Dangerous,Earth,Fountain of Origin,
Saunil Battlefield,1,Dangerous,Earth,Saunil Camp,
Saunil Battlefield,1,Dangerous,Earth,Rhua Tree Stub,
Saunil Battlefield,1,Dangerous,Earth,Behr Downstream,
Saunil Battlefield,1,Dangerous,Earth,Trina Fort,
Saunil Camp,1,Dangerous,Earth,Saunil Battlefield,
Saunil Camp,1,Dangerous,Earth,Dane Canyon,
Primal Giant Post,1,Dangerous,Earth,Gehaku Plain,
Primal Giant Post,1,Dangerous,Earth,Hexe Stone Wall,
Glutoni Cave,1,Dangerous,Earth,Marni's Lab,
Marni's Lab,1,Dangerous,Earth,Marni Cave Path,
Marni's Lab,1,Dangerous,Earth,Glutoni Cave,
North Abandoned Quarry,1,Dangerous,Earth,Marni Cave Path,
North Abandoned Quarry,1,Dangerous,Earth,Oze's House,
North Abandoned Quarry,1,Dangerous,Earth,Keplan Quarry,
Oze's House,1,Dangerous,Earth,Oze Pass,
Oze's House,1,Dangerous,Earth,North Abandoned Quarry,
Oze Pass,1,Dangerous,Earth,Marni Farm Ruins,
Oze Pass,1,Dangerous,Earth,Delphe Knights Castle,
Oze Pass,1,Dangerous,Earth,Bradie Fortress,
Oze Pass,1,Dangerous,Earth,Oze's House,
Oze Pass,1,Dangerous,Earth,Quarry Byway,
Calpheon City,0,Capital,Earth,Abandoned Land,
Calpheon City,0,Capital,Earth,Contaminated Farm,
Calpheon City,0,Capital,Earth,Dias Farm,
Calpheon City,0,Capital,Earth,Falres Dirt Farm,
Calpheon City,0,Capital,Earth,Oberen Farm,
Calpheon City,0,Capital,Earth,Gabino Farm,
Port Epheria,0,Town,Earth,Epheria Sentry Post,
Port Epheria,0,Town,Earth,Serca Island,
Port Epheria,0,Town,Earth,Epheria Ridge,
Florin,1,Town,Earth,Mask Owl's Forest,
Florin,1,Town,Earth,Caphras Cave,
Florin,1,Town,Earth,Khuruto Cave,
Northern Wheat Plantation,2,Town,Earth,Bernianto Farm,
Northern Wheat Plantation,2,Town,Earth,Dias Farm,
Northern Wheat Plantation,2,Town,Earth,Old Dandelion,
Keplan (Keplan Extraction Mill),0,Town,Earth,Keplan Quarry,
Keplan (Keplan Extraction Mill),0,Town,Earth,Tarte Rock Fork,
Keplan (Keplan Extraction Mill),0,Town,Earth,Keplan Vicinity,
Keplan (Keplan Extraction Mill),0,Town,Earth,Keplan Hill,
Behr,1,Town,Earth,Longleaf Tree Forest,
Behr,1,Town,Earth,Behr Downstream,
Trent,0,Town,Earth,Lumberjack's Rest Area,
Trent,0,Town,Earth,Longleaf Tree Sentry Post,
Lemoria Guard Post,2,Gateway,Earth,Kamasylvia Vicinity,
Lemoria Guard Post,2,Gateway,Earth,Atanis Pond,
Lemoria Guard Post,2,Gateway,Earth,Ahib Conflict Zone,
Lemoria Beacon Towers,1,Gateway,Earth,Shady Tree Forest,
Central Lemoria Camp,1,Gateway,Earth,Manshaum Forest,
Central Lemoria Camp,1,Gateway,Earth,Navarn Steppe,
Central Lemoria Camp,1,Gateway,Earth,Holo Forest,
Central Lemoria Camp,1,Gateway,Earth,White Wood Forest,
Acher Southern Camp,1,Gateway,Earth,Grana,
Acher Western Camp,2,Gateway,Earth,Loopy Tree Forest,
Acher Guard Post,3,Gateway,Earth,Loopy Tree Forest,
Acher Guard Post,3,Gateway,Earth,Western Valtarra Mountains,
Atanis Pond,1,Connection,Earth,Lemoria Guard Post,
Atanis Pond,1,Connection,Earth,Caduil Forest,
Atanis Pond,1,Connection,Earth,Viv Foretta's Hamlet,
Caduil Forest,1,Connection,Earth,Atanis Pond,
Caduil Forest,1,Connection,Earth,Old Wisdom Tree,
Caduil Forest,1,Connection,Earth,Manshaum Forest,
Shady Tree Forest,1,Connection,Earth,Old Wisdom Tree,
Shady Tree Forest,1,Connection,Earth,Navarn Steppe,
Shady Tree Forest,1,Connection,Earth,Lemoria Beacon Towers,
Valtarra Mountains,1,Connection,Earth,Viv Foretta's Hamlet,
Valtarra Mountains,1,Connection,Earth,Valtarra - Altar of Training,
Holo Forest,2,Connection,Earth,Central Lemoria Camp,
Holo Forest,2,Connection,Earth,Mirumok Ruins,
Holo Forest,2,Connection,Earth,White Wood Forest,
Okiara River,1,Connection,Earth,Grana,
Southern Kamasylvia,2,Connection,Earth,Grana,
Southern Kamasylvia,2,Connection,Earth,Gyfin Rhasia Temple,
White Wood Forest,1,Connection,Earth,Lake Flondor,
White Wood Forest,1,Connection,Earth,Holo Forest,
White Wood Forest,1,Connection,Earth,Central Lemoria Camp,
White Wood Forest,1,Connection,Earth,Tooth Fairy Forest,
Polly's Forest,2,Connection,Earth,Grana,
Polly's Forest,2,Connection,Earth,Krogdalo Trace,
Looney Cabin,1,Connection,Earth,Krogdalo Trace,
Krogdalo Trace,2,Connection,Earth,Polly's Forest,
Krogdalo Trace,2,Connection,Earth,Looney Cabin,
Krogdalo Trace,2,Connection,Earth,Weenie Cabin,
Weenie Cabin,1,Connection,Earth,Krogdalo Trace,
Western Valtarra Mountains,2,Connection,Earth,Acher Guard Post,
Western Valtarra Mountains,2,Connection,Earth,Yianaros's Field,
Western Valtarra Mountains,2,Connection,Earth,Mirumok Ruins,
Western Valtarra Mountains,2,Connection,Earth,Valtarra - Altar of Training,
Yianaros's Field,1,Connection,Earth,Western Valtarra Mountains,
Viv Foretta's Hamlet,2,Trading Post,Earth,Atanis Pond,
Viv Foretta's Hamlet,2,Trading Post,Earth,Valtarra Mountains,
Lake Flondor,3,Trading Post,Earth,Grana,
Lake Flondor,3,Trading Post,Earth,White Wood Forest,
Kamasylvia Vicinity,2,Dangerous,Earth,Longleaf Tree Forest,
Kamasylvia Vicinity,2,Dangerous,Earth,Lemoria Guard Post,
Valtarra - Altar of Training,2,Dangerous,Earth,Valtarra Mountains,
Valtarra - Altar of Training,2,Dangerous,Earth,Western Valtarra Mountains,
Manshaum Forest,3,Dangerous,Earth,Caduil Forest,
Manshaum Forest,3,Dangerous,Earth,Central Lemoria Camp,
Navarn Steppe,3,Dangerous,Earth,Shady Tree Forest,
Navarn Steppe,3,Dangerous,Earth,Central Lemoria Camp,
Gyfin Rhasia Temple,3,Dangerous,Earth,Southern Kamasylvia,
Mirumok Ruins,3,Dangerous,Earth,Holo Forest,
Mirumok Ruins,3,Dangerous,Earth,Western Valtarra Mountains,
Tooth Fairy Forest,3,Dangerous,Earth,Tooth Fairy Cabin,
Tooth Fairy Forest,3,Dangerous,Earth,White Wood Forest,
Tooth Fairy Forest,3,Dangerous,Earth,Loopy Tree Forest,
Loopy Tree Forest,2,Dangerous,Earth,Ash Forest,
Loopy Tree Forest,2,Dangerous,Earth,Acher Guard Post,
Loopy Tree Forest,2,Dangerous,Earth,Acher Western Camp,
Loopy Tree Forest,2,Dangerous,Earth,Tooth Fairy Forest,
Ash Forest,3,Dangerous,Earth,Loopy Tree Forest,
Grana,0,Capital,Earth,Polly's Forest,
Grana,0,Capital,Earth,Lake Flondor,
Grana,0,Capital,Earth,Okiara River,
Grana,0,Capital,Earth,Southern Kamasylvia,
Grana,0,Capital,Earth,Acher Southern Camp,
Old Wisdom Tree,0,Town,Earth,Caduil Forest,
Old Wisdom Tree,0,Town,Earth,Shady Tree Forest,
Tooth Fairy Cabin,2,Town,Earth,Tooth Fairy Forest,
Mediah Northern Gateway,3,Gateway,Earth,The Mausoleum,
Mediah Northern Gateway,3,Gateway,Earth,Cron Castle Site,
Sarma Outpost,1,Gateway,Earth,Sausan Garrison,
Sarma Outpost,1,Gateway,Earth,Mediah Castle,
Sarma Outpost,1,Gateway,Earth,Kusha,
Mediah Castle,1,Gateway,Earth,Sarma Outpost,
The Mausoleum,1,Connection,Earth,Mediah Northern Gateway,
The Mausoleum,1,Connection,Earth,Mediah Northern Highlands,
Mediah Northern Highlands,2,Connection,Earth,The Mausoleum,
Mediah Northern Highlands,2,Connection,Earth,Helms Post,
Mediah Northern Highlands,2,Connection,Earth,Elric Shrine,
Mediah Northern Highlands,2,Connection,Earth,Sausan Garrison,
Sausan Garrison Wharf,1,Connection,Earth,Sausan Garrison,
Sausan Garrison Wharf,1,Connection,Earth,Pilava Island,
Stonetail Wasteland,1,Connection,Earth,Kusha,
Stonetail Wasteland,1,Connection,Earth,Sausan Garrison,
Stonetail Wasteland,1,Connection,Earth,Canyon of Corruption,
Mediah Shore,1,Connection,Earth,Kusha,
Mediah Shore,1,Connection,Earth,Shuri Farm,
Mediah Shore,1,Connection,Earth,Omar Lava Cave,
Ancient Fissure,2,Connection,Earth,Helms Post,
Ancient Fissure,2,Connection,Earth,Rumbling Land,
Ancient Fissure,2,Connection,Earth,Ancient Ruins Excavation Site,
Rumbling Land,1,Connection,Earth,Eastern Border,
Rumbling Land,1,Connection,Earth,Ancient Fissure,
Ancient Ruins Excavation Site,1,Connection,Earth,Ancient Fissure,
Ancient Ruins Excavation Site,1,Connection,Earth,Canyon of Corruption,
Ancient Ruins Excavation Site,1,Connection,Earth,Kamasylve Temple,
Kamasylve Temple,2,Connection,Earth,Eastern Border,
Kamasylve Temple,2,Connection,Earth,Ancient Ruins Excavation Site,
Kamasylve Temple,2,Connection,Earth,Ahto Farm,
Kamasylve Temple,2,Connection,Earth,Castle Ruins,
Ahto Farm,2,Connection,Earth,Kamasylve Temple,
Ahto Farm,2,Connection,Earth,Manes Hideout,
Ahto Farm,2,Connection,Earth,Stonetail Horse Ranch,
Stonebeak Shore,1,Connection,Earth,Omar Lava Cave,
Stonebeak Shore,1,Connection,Earth,Altinova Entrance,
Awakening Bell,1,Connection,Earth,Omar Lava Cave,
Awakening Bell,1,Connection,Earth,Altinova Entrance,
Asula Highland,1,Connection,Earth,Omar Lava Cave,
Asula Highland,1,Connection,Earth,Highland Junction,
Asula Highland,1,Connection,Earth,Kasula Farm,
Asula Highland,1,Connection,Earth,Stonetail Horse Ranch,
Highland Junction,1,Connection,Earth,Asula Highland,
Highland Junction,1,Connection,Earth,Abandoned Iron Mine Entrance,
Highland Junction,1,Connection,Earth,Altinova Entrance,
Altinova Entrance,1,Connection,Earth,Altinova,
Altinova Entrance,1,Connection,Earth,Abandoned Iron Mine,
Altinova Entrance,1,Connection,Earth,Highland Junction,
Altinova Entrance,1,Connection,Earth,Awakening Bell,
Altinova Entrance,1,Connection,Earth,Stonebeak Shore,
Abandoned Iron Mine Entrance,1,Connection,Earth,Highland Junction,
Abandoned Iron Mine Entrance,1,Connection,Earth,Alumn Rock Valley,
Alumn Rock Valley,1,Connection,Earth,Splashing Point,
Alumn Rock Valley,1,Connection,Earth,Wandering Rogue Den,
Alumn Rock Valley,1,Connection,Earth,Abandoned Iron Mine Entrance,
Alumn Rock Valley,1,Connection,Earth,Abandoned Iron Mine Saunil District,
Hasrah Cliff (Hasrah Ancient Ruins),1,Connection,Earth,Tungrad Forest,
Hasrah Cliff (Hasrah Ancient Ruins),1,Connection,Earth,Khimut Lumber Camp,
Shuri Farm,2,Trading Post,Earth,Canyon of Corruption,
Shuri Farm,2,Trading Post,Earth,Stonetail Horse Ranch,
Shuri Farm,2,Trading Post,Earth,Mediah Shore,
Stonetail Horse Ranch,1,Trading Post,Earth,Shuri Farm,
Stonetail Horse Ranch,1,Trading Post,Earth,Ahto Farm,
Stonetail Horse Ranch,1,Trading Post,Earth,Asula Highland,
Omar Lava Cave,2,Trading Post,Earth,Mediah Shore,
Omar Lava Cave,2,Trading Post,Earth,Stonebeak Shore,
Omar Lava Cave,2,Trading Post,Earth,Awakening Bell,
Omar Lava Cave,2,Trading Post,Earth,Asula Highland,
Kasula Farm,2,Trading Post,Earth,Tarif,
Kasula Farm,2,Trading Post,Earth,Wandering Rogue Den,
Kasula Farm,2,Trading Post,Earth,Asula Highland,
Splashing Point,1,Trading Post,Earth,Alumn Rock Valley,
Sausan Garrison,1,Dangerous,Earth,Mediah Northern Highlands,
Sausan Garrison,1,Dangerous,Earth,Sausan Garrison Wharf,
Sausan Garrison,1,Dangerous,Earth,Stonetail Wasteland,
Sausan Garrison,1,Dangerous,Earth,Sarma Outpost,
Elric Shrine,1,Dangerous,Earth,Mediah Northern Highlands,
Elric Shrine,1,Dangerous,Earth,Canyon of Corruption,
Helms Post,1,Dangerous,Earth,Mediah Northern Highlands,
Helms Post,1,Dangerous,Earth,Ancient Fissure,
Canyon of Corruption,1,Dangerous,Earth,Elric Shrine,
Canyon of Corruption,1,Dangerous,Earth,Stonetail Wasteland,
Canyon of Corruption,1,Dangerous,Earth,Shuri Farm,
Canyon of Corruption,1,Dangerous,Earth,Ancient Ruins Excavation Site,
Manes Hideout,1,Dangerous,Earth,Ahto Farm,
Manes Hideout,1,Dangerous,Earth,Tarif,
Wandering Rogue Den,1,Dangerous,Earth,Kasula Farm,
Wandering Rogue Den,1,Dangerous,Earth,Alumn Rock Valley,
Abandoned Iron Mine,2,Dangerous,Earth,Abandoned Iron Mine Saunil District,
Abandoned Iron Mine,2,Dangerous,Earth,Abandoned Iron Mine Rhutum District,
Abandoned Iron Mine,2,Dangerous,Earth,Altinova Entrance,
Abandoned Iron Mine Saunil District,1,Dangerous,Earth,Abandoned Iron Mine,
Abandoned Iron Mine Saunil District,1,Dangerous,Earth,Alumn Rock Valley,
Abandoned Iron Mine Saunil District,1,Dangerous,Earth,Marni's 2nd Lab,
Abandoned Iron Mine Rhutum District,1,Dangerous,Earth,Abandoned Iron Mine,
Abandoned Iron Mine Rhutum District,1,Dangerous,Earth,Abun,
Marni's 2nd Lab,1,Dangerous,Earth,Abun,
Marni's 2nd Lab,1,Dangerous,Earth,Abandoned Iron Mine Saunil District,
Soldier's Grave,1,Dangerous,Earth,Castle Ruins,
Soldier's Grave,1,Dangerous,Earth,Tarif,
Soldier's Grave,1,Dangerous,Earth,Tungrad Forest,
Tungrad Forest,1,Dangerous,Earth,Soldier's Grave,
Tungrad Forest,1,Dangerous,Earth,Hasrah Cliff,
Altinova,0,Capital,Earth,Abun,
Altinova,0,Capital,Earth,Altinova Entrance,
Altinova,0,Capital,Earth,Altinova Gateway,
Tarif,0,Town,Earth,Soldier's Grave,
Tarif,0,Town,Earth,Manes Hideout,
Tarif,0,Town,Earth,Kasula Farm,
Kusha,1,Town,Earth,Stonetail Wasteland,
Kusha,1,Town,Earth,Sarma Outpost,
Kusha,1,Town,Earth,Mediah Shore,
Abun,1,Town,Earth,Altinova,
Abun,1,Town,Earth,Abandoned Iron Mine Rhutum District,
Abun,1,Town,Earth,Marni's 2nd Lab,
Northern Guard Camp,3,Gateway,Earth,Heidel,
Northern Guard Camp,3,Gateway,Earth,Heidel Pass,
Northern Guard Camp,3,Gateway,Earth,Alejandro Farm,
Northern Guard Camp,3,Gateway,Earth,Northern Heidel Quarry,
Central Guard Camp,3,Gateway,Earth,Costa Farm,
Central Guard Camp,3,Gateway,Earth,Northern Cienaga,
Central Guard Camp,3,Gateway,Earth,Glish Ruins,
Central Guard Camp,3,Gateway,Earth,Glish,
Eastern Gateway,3,Gateway,Earth,Moretti Plantation,
Eastern Gateway,3,Gateway,Earth,Northern Cienaga,
Eastern Gateway,3,Gateway,Earth,Southern Guard Camp,
Eastern Gateway,3,Gateway,Earth,Castle Ruins,
Eastern Border,3,Gateway,Earth,Heidel,
Eastern Border,3,Gateway,Earth,Rumbling Land,
Eastern Border,3,Gateway,Earth,Kamasylve Temple,
Southern Guard Camp,3,Gateway,Earth,Serendia Shrine,
Southern Guard Camp,3,Gateway,Earth,Southern Cienaga,
Southern Guard Camp,3,Gateway,Earth,Glish Ruins,
Southern Guard Camp,3,Gateway,Earth,Eastern Gateway,
Southwestern Gateway,3,Gateway,Earth,Glish,
Southwestern Gateway,3,Gateway,Earth,Northwestern Gateway,
Southwestern Gateway,3,Gateway,Earth,Bloody Monastery,
Southwestern Gateway,3,Gateway,Earth,Southern Neutral Zone,
Northwestern Gateway,3,Gateway,Earth,Lynch Farm Ruins,
Northwestern Gateway,3,Gateway,Earth,Orc Camp,
Northwestern Gateway,3,Gateway,Earth,Southwestern Gateway,
Northwestern Gateway,3,Gateway,Earth,Glish,
Bandit's Den Byway,3,Gateway,Earth,Western Guard Camp,
Bandit's Den Byway,3,Gateway,Earth,Forest of Seclusion,
Bandit's Den Byway,3,Gateway,Earth,Biraghi Den,
Northern Heidel Quarry,1,Connection,Earth,Northern Guard Camp,
Lynch Farm Ruins,1,Connection,Earth,Northern Plain of Serendia,
Lynch Farm Ruins,1,Connection,Earth,Alejandro Farm,
Lynch Farm Ruins,1,Connection,Earth,Heidel,
Lynch Farm Ruins,1,Connection,Earth,Northwestern Gateway,
Northern Plain of Serendia,1,Connection,Earth,Biraghi Den,
Northern Plain of Serendia,1,Connection,Earth,Lynch Ranch,
Northern Plain of Serendia,1,Connection,Earth,Lynch Farm Ruins,
Northern Plain of Serendia,1,Connection,Earth,Bradie Fortress,
Glish Ruins,1,Connection,Earth,Central Guard Camp,
Glish Ruins,1,Connection,Earth,Southern Guard Camp,
Southern Cienaga,1,Connection,Earth,Glish,
Southern Cienaga,1,Connection,Earth,Southern Guard Camp,
Glish Swamp,1,Connection,Earth,Glish,
Orc Camp,3,Connection,Earth,Bradie Fortress,
Orc Camp,3,Connection,Earth,Northwestern Gateway,
Orc Camp,3,Connection,Earth,Watchtower,
Orc Camp,3,Connection,Earth,Quarry Byway,
Watchtower,1,Connection,Earth,Orc Camp,
Watchtower,1,Connection,Earth,Southern Neutral Zone,
Alejandro Farm,2,Trading Post,Earth,Northern Guard Camp,
Alejandro Farm,2,Trading Post,Earth,Lynch Farm Ruins,
Lynch Ranch,2,Trading Post,Earth,Northern Plain of Serendia,
Costa Farm,2,Trading Post,Earth,Heidel,
Costa Farm,2,Trading Post,Earth,Central Guard Camp,
Northern Cienaga,2,Trading Post,Earth,Moretti Plantation,
Northern Cienaga,2,Trading Post,Earth,Eastern Gateway,
Northern Cienaga,2,Trading Post,Earth,Central Guard Camp,
Moretti Plantation,2,Trading Post,Earth,Heidel,
Moretti Plantation,2,Trading Post,Earth,Eastern Gateway,
Moretti Plantation,2,Trading Post,Earth,Northern Cienaga,
Serendia Shrine,1,Dangerous,Earth,Southern Guard Camp,
Serendia Shrine,1,Dangerous,Earth,Khimut Lumber Camp,
Castle Ruins,1,Dangerous,Earth,Eastern Gateway,
Castle Ruins,1,Dangerous,Earth,Kamasylve Temple,
Castle Ruins,1,Dangerous,Earth,Soldier's Grave,
Bloody Monastery,1,Dangerous,Earth,Southwestern Gateway,
Southern Neutral Zone,3,Dangerous,Earth,Watchtower,
Southern Neutral Zone,3,Dangerous,Earth,Southwestern Gateway,
Southern Neutral Zone,3,Dangerous,Earth,Serendia Western Gateway,
Southern Neutral Zone,3,Dangerous,Earth,Keplan Vicinity,
Bradie Fortress,1,Dangerous,Earth,Northern Plain of Serendia,
Bradie Fortress,1,Dangerous,Earth,Orc Camp,
Bradie Fortress,1,Dangerous,Earth,Oze Pass,
Biraghi Den,3,Dangerous,Earth,Northern Plain of Serendia,
Biraghi Den,3,Dangerous,Earth,Delphe Knights Castle,
Heidel,0,Capital,Earth,Northern Guard Camp,
Heidel,0,Capital,Earth,Eastern Border,
Heidel,0,Capital,Earth,Moretti Plantation,
Heidel,0,Capital,Earth,Costa Farm,
Heidel,0,Capital,Earth,Lynch Farm Ruins,
Glish,0,Town,Earth,Central Guard Camp,
Glish,0,Town,Earth,Northwestern Gateway,
Glish,0,Town,Earth,Southwestern Gateway,
Glish,0,Town,Earth,Glish Swamp,
Glish,0,Town,Earth,Southern Cienaga,